feature,source_dataset,n_present,n_imputed,imputation
pd_speech_DFA,Sakar2019 (PD Classification),756,240,train-fold median
pd_speech_Ea,Sakar2019 (PD Classification),756,240,train-fold median
pd_speech_Ea2,Sakar2019 (PD Classification),756,240,train-fold median
pd_speech_Ed2_10_coef,Sakar2019 (PD Classification),756,240,train-fold median
pd_speech_Ed2_1_coef,Sakar2019 (PD Classification),756,240,train-fold median
pd_speech_Ed2_2_coef,Sakar2019 (PD Classification),756,240,train-fold median
pd_speech_Ed2_3_coef,Sakar2019 (PD Classification),756,240,train-fold median
pd_speech_Ed2_4_coef,Sakar2019 (PD Classification),756,240,train-fold median
pd_speech_Ed2_5_coef,Sakar2019 (PD Classification),756,240,train-fold median
pd_speech_Ed2_6_coef,Sakar2019 (PD Classification),756,240,train-fold median
pd_speech_Ed2_7_coef,Sakar2019 (PD Classification),756,240,train-fold median
pd_speech_Ed2_8_coef,Sakar2019 (PD Classification),756,240,train-fold median
pd_speech_Ed2_9_coef,Sakar2019 (PD Classification),756,240,train-fold median
pd_speech_Ed_10_coef,Sakar2019 (PD Classification),756,240,train-fold median
pd_speech_Ed_1_coef,Sakar2019 (PD Classification),756,240,train-fold median
pd_speech_Ed_2_coef,Sakar2019 (PD Classification),756,240,train-fold median
pd_speech_Ed_3_coef,Sakar2019 (PD Classification),756,240,train-fold median
pd_speech_Ed_4_coef,Sakar2019 (PD Classification),756,240,train-fold median
pd_speech_Ed_5_coef,Sakar2019 (PD Classification),756,240,train-fold median
pd_speech_Ed_6_coef,Sakar2019 (PD Classification),756,240,train-fold median
pd_speech_Ed_7_coef,Sakar2019 (PD Classification),756,240,train-fold median
pd_speech_Ed_8_coef,Sakar2019 (PD Classification),756,240,train-fold median
pd_speech_Ed_9_coef,Sakar2019 (PD Classification),756,240,train-fold median
pd_speech_GNE_NSR_SEO,Sakar2019 (PD Classification),756,240,train-fold median
pd_speech_GNE_NSR_TKEO,Sakar2019 (PD Classification),756,240,train-fold median
pd_speech_GNE_SNR_SEO,Sakar2019 (PD Classification),756,240,train-fold median
pd_speech_GNE_SNR_TKEO,Sakar2019 (PD Classification),756,240,train-fold median
pd_speech_GNE_mean,Sakar2019 (PD Classification),756,240,train-fold median
pd_speech_GNE_std,Sakar2019 (PD Classification),756,240,train-fold median
pd_speech_GQ_prc5_95,Sakar2019 (PD Classification),756,240,train-fold median
pd_speech_GQ_std_cycle_closed,Sakar2019 (PD Classification),756,240,train-fold median
pd_speech_GQ_std_cycle_open,Sakar2019 (PD Classification),756,240,train-fold median
pd_speech_IMF_NSR_SEO,Sakar2019 (PD Classification),756,240,train-fold median
pd_speech_IMF_NSR_TKEO,Sakar2019 (PD Classification),756,240,train-fold median
pd_speech_IMF_NSR_entropy,Sakar2019 (PD Classification),756,240,train-fold median
pd_speech_IMF_SNR_SEO,Sakar2019 (PD Classification),756,240,train-fold median
pd_speech_IMF_SNR_TKEO,Sakar2019 (PD Classification),756,240,train-fold median
pd_speech_IMF_SNR_entropy,Sakar2019 (PD Classification),756,240,train-fold median
pd_speech_PPE,Sakar2019 (PD Classification),756,240,train-fold median
pd_speech_RPDE,Sakar2019 (PD Classification),756,240,train-fold median
pd_speech_VFER_NSR_SEO,Sakar2019 (PD Classification),756,240,train-fold median
pd_speech_VFER_NSR_TKEO,Sakar2019 (PD Classification),756,240,train-fold median
pd_speech_VFER_SNR_SEO,Sakar2019 (PD Classification),756,240,train-fold median
pd_speech_VFER_SNR_TKEO,Sakar2019 (PD Classification),756,240,train-fold median
pd_speech_VFER_entropy,Sakar2019 (PD Classification),756,240,train-fold median
pd_speech_VFER_mean,Sakar2019 (PD Classification),756,240,train-fold median
pd_speech_VFER_std,Sakar2019 (PD Classification),756,240,train-fold median
pd_speech_app_LT_TKEO_mean_10_coef,Sakar2019 (PD Classification),756,240,train-fold median
pd_speech_app_LT_TKEO_mean_1_coef,Sakar2019 (PD Classification),756,240,train-fold median
pd_speech_app_LT_TKEO_mean_2_coef,Sakar2019 (PD Classification),756,240,train-fold median
pd_speech_app_LT_TKEO_mean_3_coef,Sakar2019 (PD Classification),756,240,train-fold median
pd_speech_app_LT_TKEO_mean_4_coef,Sakar2019 (PD Classification),756,240,train-fold median
pd_speech_app_LT_TKEO_mean_5_coef,Sakar2019 (PD Classification),756,240,train-fold median
pd_speech_app_LT_TKEO_mean_6_coef,Sakar2019 (PD Classification),756,240,train-fold median
pd_speech_app_LT_TKEO_mean_7_coef,Sakar2019 (PD Classification),756,240,train-fold median
pd_speech_app_LT_TKEO_mean_8_coef,Sakar2019 (PD Classification),756,240,train-fold median
pd_speech_app_LT_TKEO_mean_9_coef,Sakar2019 (PD Classification),756,240,train-fold median
pd_speech_app_LT_TKEO_std_10_coef,Sakar2019 (PD Classification),756,240,train-fold median
pd_speech_app_LT_TKEO_std_1_coef,Sakar2019 (PD Classification),756,240,train-fold median
pd_speech_app_LT_TKEO_std_2_coef,Sakar2019 (PD Classification),756,240,train-fold median
pd_speech_app_LT_TKEO_std_3_coef,Sakar2019 (PD Classification),756,240,train-fold median
pd_speech_app_LT_TKEO_std_4_coef,Sakar2019 (PD Classification),756,240,train-fold median
pd_speech_app_LT_TKEO_std_5_coef,Sakar2019 (PD Classification),756,240,train-fold median
pd_speech_app_LT_TKEO_std_6_coef,Sakar2019 (PD Classification),756,240,train-fold median
pd_speech_app_LT_TKEO_std_7_coef,Sakar2019 (PD Classification),756,240,train-fold median
pd_speech_app_LT_TKEO_std_8_coef,Sakar2019 (PD Classification),756,240,train-fold median
pd_speech_app_LT_TKEO_std_9_coef,Sakar2019 (PD Classification),756,240,train-fold median
pd_speech_app_LT_entropy_log_10_coef,Sakar2019 (PD Classification),756,240,train-fold median
pd_speech_app_LT_entropy_log_1_coef,Sakar2019 (PD Classification),756,240,train-fold median
pd_speech_app_LT_entropy_log_2_coef,Sakar2019 (PD Classification),756,240,train-fold median
pd_speech_app_LT_entropy_log_3_coef,Sakar2019 (PD Classification),756,240,train-fold median
pd_speech_app_LT_entropy_log_4_coef,Sakar2019 (PD Classification),756,240,train-fold median
pd_speech_app_LT_entropy_log_5_coef,Sakar2019 (PD Classification),756,240,train-fold median
pd_speech_app_LT_entropy_log_6_coef,Sakar2019 (PD Classification),756,240,train-fold median
pd_speech_app_LT_entropy_log_7_coef,Sakar2019 (PD Classification),756,240,train-fold median
pd_speech_app_LT_entropy_log_8_coef,Sakar2019 (PD Classification),756,240,train-fold median
pd_speech_app_LT_entropy_log_9_coef,Sakar2019 (PD Classification),756,240,train-fold median
pd_speech_app_LT_entropy_shannon_10_coef,Sakar2019 (PD Classification),756,240,train-fold median
pd_speech_app_LT_entropy_shannon_1_coef,Sakar2019 (PD Classification),756,240,train-fold median
pd_speech_app_LT_entropy_shannon_2_coef,Sakar2019 (PD Classification),756,240,train-fold median
pd_speech_app_LT_entropy_shannon_3_coef,Sakar2019 (PD Classification),756,240,train-fold median
pd_speech_app_LT_entropy_shannon_4_coef,Sakar2019 (PD Classification),756,240,train-fold median
pd_speech_app_LT_entropy_shannon_5_coef,Sakar2019 (PD Classification),756,240,train-fold median
pd_speech_app_LT_entropy_shannon_6_coef,Sakar2019 (PD Classification),756,240,train-fold median
pd_speech_app_LT_entropy_shannon_7_coef,Sakar2019 (PD Classification),756,240,train-fold median
pd_speech_app_LT_entropy_shannon_8_coef,Sakar2019 (PD Classification),756,240,train-fold median
pd_speech_app_LT_entropy_shannon_9_coef,Sakar2019 (PD Classification),756,240,train-fold median
pd_speech_app_TKEO_std_10_coef,Sakar2019 (PD Classification),756,240,train-fold median
pd_speech_app_TKEO_std_1_coef,Sakar2019 (PD Classification),756,240,train-fold median
pd_speech_app_TKEO_std_2_coef,Sakar2019 (PD Classification),756,240,train-fold median
pd_speech_app_TKEO_std_3_coef,Sakar2019 (PD Classification),756,240,train-fold median
pd_speech_app_TKEO_std_4_coef,Sakar2019 (PD Classification),756,240,train-fold median
pd_speech_app_TKEO_std_5_coef,Sakar2019 (PD Classification),756,240,train-fold median
pd_speech_app_TKEO_std_6_coef,Sakar2019 (PD Classification),756,240,train-fold median
pd_speech_app_TKEO_std_7_coef,Sakar2019 (PD Classification),756,240,train-fold median
pd_speech_app_TKEO_std_8_coef,Sakar2019 (PD Classification),756,240,train-fold median
pd_speech_app_TKEO_std_9_coef,Sakar2019 (PD Classification),756,240,train-fold median
pd_speech_app_det_TKEO_mean_10_coef,Sakar2019 (PD Classification),756,240,train-fold median
pd_speech_app_det_TKEO_mean_1_coef,Sakar2019 (PD Classification),756,240,train-fold median
pd_speech_app_det_TKEO_mean_2_coef,Sakar2019 (PD Classification),756,240,train-fold median
pd_speech_app_det_TKEO_mean_3_coef,Sakar2019 (PD Classification),756,240,train-fold median
pd_speech_app_det_TKEO_mean_4_coef,Sakar2019 (PD Classification),756,240,train-fold median
pd_speech_app_det_TKEO_mean_5_coef,Sakar2019 (PD Classification),756,240,train-fold median
pd_speech_app_det_TKEO_mean_6_coef,Sakar2019 (PD Classification),756,240,train-fold median
pd_speech_app_det_TKEO_mean_7_coef,Sakar2019 (PD Classification),756,240,train-fold median
pd_speech_app_det_TKEO_mean_8_coef,Sakar2019 (PD Classification),756,240,train-fold median
pd_speech_app_det_TKEO_mean_9_coef,Sakar2019 (PD Classification),756,240,train-fold median
pd_speech_app_entropy_log_10_coef,Sakar2019 (PD Classification),756,240,train-fold median
pd_speech_app_entropy_log_1_coef,Sakar2019 (PD Classification),756,240,train-fold median
pd_speech_app_entropy_log_2_coef,Sakar2019 (PD Classification),756,240,train-fold median
pd_speech_app_entropy_log_3_coef,Sakar2019 (PD Classification),756,240,train-fold median
pd_speech_app_entropy_log_4_coef,Sakar2019 (PD Classification),756,240,train-fold median
pd_speech_app_entropy_log_5_coef,Sakar2019 (PD Classification),756,240,train-fold median
pd_speech_app_entropy_log_6_coef,Sakar2019 (PD Classification),756,240,train-fold median
pd_speech_app_entropy_log_7_coef,Sakar2019 (PD Classification),756,240,train-fold median
pd_speech_app_entropy_log_8_coef,Sakar2019 (PD Classification),756,240,train-fold median
pd_speech_app_entropy_log_9_coef,Sakar2019 (PD Classification),756,240,train-fold median
pd_speech_app_entropy_shannon_10_coef,Sakar2019 (PD Classification),756,240,train-fold median
pd_speech_app_entropy_shannon_1_coef,Sakar2019 (PD Classification),756,240,train-fold median
pd_speech_app_entropy_shannon_2_coef,Sakar2019 (PD Classification),756,240,train-fold median
pd_speech_app_entropy_shannon_3_coef,Sakar2019 (PD Classification),756,240,train-fold median
pd_speech_app_entropy_shannon_4_coef,Sakar2019 (PD Classification),756,240,train-fold median
pd_speech_app_entropy_shannon_5_coef,Sakar2019 (PD Classification),756,240,train-fold median
pd_speech_app_entropy_shannon_6_coef,Sakar2019 (PD Classification),756,240,train-fold median
pd_speech_app_entropy_shannon_7_coef,Sakar2019 (PD Classification),756,240,train-fold median
pd_speech_app_entropy_shannon_8_coef,Sakar2019 (PD Classification),756,240,train-fold median
pd_speech_app_entropy_shannon_9_coef,Sakar2019 (PD Classification),756,240,train-fold median
pd_speech_apq11Shimmer,Sakar2019 (PD Classification),756,240,train-fold median
pd_speech_apq3Shimmer,Sakar2019 (PD Classification),756,240,train-fold median
pd_speech_apq5Shimmer,Sakar2019 (PD Classification),756,240,train-fold median
pd_speech_b1,Sakar2019 (PD Classification),756,240,train-fold median
pd_speech_b2,Sakar2019 (PD Classification),756,240,train-fold median
pd_speech_b3,Sakar2019 (PD Classification),756,240,train-fold median
pd_speech_b4,Sakar2019 (PD Classification),756,240,train-fold median
pd_speech_ddaShimmer,Sakar2019 (PD Classification),756,240,train-fold median
pd_speech_ddpJitter,Sakar2019 (PD Classification),756,240,train-fold median
pd_speech_det_LT_TKEO_mean_10_coef,Sakar2019 (PD Classification),756,240,train-fold median
pd_speech_det_LT_TKEO_mean_1_coef,Sakar2019 (PD Classification),756,240,train-fold median
pd_speech_det_LT_TKEO_mean_2_coef,Sakar2019 (PD Classification),756,240,train-fold median
pd_speech_det_LT_TKEO_mean_3_coef,Sakar2019 (PD Classification),756,240,train-fold median
pd_speech_det_LT_TKEO_mean_4_coef,Sakar2019 (PD Classification),756,240,train-fold median
pd_speech_det_LT_TKEO_mean_5_coef,Sakar2019 (PD Classification),756,240,train-fold median
pd_speech_det_LT_TKEO_mean_6_coef,Sakar2019 (PD Classification),756,240,train-fold median
pd_speech_det_LT_TKEO_mean_7_coef,Sakar2019 (PD Classification),756,240,train-fold median
pd_speech_det_LT_TKEO_mean_8_coef,Sakar2019 (PD Classification),756,240,train-fold median
pd_speech_det_LT_TKEO_mean_9_coef,Sakar2019 (PD Classification),756,240,train-fold median
pd_speech_det_LT_TKEO_std_10_coef,Sakar2019 (PD Classification),756,240,train-fold median
pd_speech_det_LT_TKEO_std_1_coef,Sakar2019 (PD Classification),756,240,train-fold median
pd_speech_det_LT_TKEO_std_2_coef,Sakar2019 (PD Classification),756,240,train-fold median
pd_speech_det_LT_TKEO_std_3_coef,Sakar2019 (PD Classification),756,240,train-fold median
pd_speech_det_LT_TKEO_std_4_coef,Sakar2019 (PD Classification),756,240,train-fold median
pd_speech_det_LT_TKEO_std_5_coef,Sakar2019 (PD Classification),756,240,train-fold median
pd_speech_det_LT_TKEO_std_6_coef,Sakar2019 (PD Classification),756,240,train-fold median
pd_speech_det_LT_TKEO_std_7_coef,Sakar2019 (PD Classification),756,240,train-fold median
pd_speech_det_LT_TKEO_std_8_coef,Sakar2019 (PD Classification),756,240,train-fold median
pd_speech_det_LT_TKEO_std_9_coef,Sakar2019 (PD Classification),756,240,train-fold median
pd_speech_det_LT_entropy_log_10_coef,Sakar2019 (PD Classification),756,240,train-fold median
pd_speech_det_LT_entropy_log_1_coef,Sakar2019 (PD Classification),756,240,train-fold median
pd_speech_det_LT_entropy_log_2_coef,Sakar2019 (PD Classification),756,240,train-fold median
pd_speech_det_LT_entropy_log_3_coef,Sakar2019 (PD Classification),756,240,train-fold median
pd_speech_det_LT_entropy_log_4_coef,Sakar2019 (PD Classification),756,240,train-fold median
pd_speech_det_LT_entropy_log_5_coef,Sakar2019 (PD Classification),756,240,train-fold median
pd_speech_det_LT_entropy_log_6_coef,Sakar2019 (PD Classification),756,240,train-fold median
pd_speech_det_LT_entropy_log_7_coef,Sakar2019 (PD Classification),756,240,train-fold median
pd_speech_det_LT_entropy_log_8_coef,Sakar2019 (PD Classification),756,240,train-fold median
pd_speech_det_LT_entropy_log_9_coef,Sakar2019 (PD Classification),756,240,train-fold median
pd_speech_det_LT_entropy_shannon_10_coef,Sakar2019 (PD Classification),756,240,train-fold median
pd_speech_det_LT_entropy_shannon_1_coef,Sakar2019 (PD Classification),756,240,train-fold median
pd_speech_det_LT_entropy_shannon_2_coef,Sakar2019 (PD Classification),756,240,train-fold median
pd_speech_det_LT_entropy_shannon_3_coef,Sakar2019 (PD Classification),756,240,train-fold median
pd_speech_det_LT_entropy_shannon_4_coef,Sakar2019 (PD Classification),756,240,train-fold median
pd_speech_det_LT_entropy_shannon_5_coef,Sakar2019 (PD Classification),756,240,train-fold median
pd_speech_det_LT_entropy_shannon_6_coef,Sakar2019 (PD Classification),756,240,train-fold median
pd_speech_det_LT_entropy_shannon_7_coef,Sakar2019 (PD Classification),756,240,train-fold median
pd_speech_det_LT_entropy_shannon_8_coef,Sakar2019 (PD Classification),756,240,train-fold median
pd_speech_det_LT_entropy_shannon_9_coef,Sakar2019 (PD Classification),756,240,train-fold median
pd_speech_det_TKEO_mean_10_coef,Sakar2019 (PD Classification),756,240,train-fold median
pd_speech_det_TKEO_mean_1_coef,Sakar2019 (PD Classification),756,240,train-fold median
pd_speech_det_TKEO_mean_2_coef,Sakar2019 (PD Classification),756,240,train-fold median
pd_speech_det_TKEO_mean_3_coef,Sakar2019 (PD Classification),756,240,train-fold median
pd_speech_det_TKEO_mean_4_coef,Sakar2019 (PD Classification),756,240,train-fold median
pd_speech_det_TKEO_mean_5_coef,Sakar2019 (PD Classification),756,240,train-fold median
pd_speech_det_TKEO_mean_6_coef,Sakar2019 (PD Classification),756,240,train-fold median
pd_speech_det_TKEO_mean_7_coef,Sakar2019 (PD Classification),756,240,train-fold median
pd_speech_det_TKEO_mean_8_coef,Sakar2019 (PD Classification),756,240,train-fold median
pd_speech_det_TKEO_mean_9_coef,Sakar2019 (PD Classification),756,240,train-fold median
pd_speech_det_TKEO_std_10_coef,Sakar2019 (PD Classification),756,240,train-fold median
pd_speech_det_TKEO_std_1_coef,Sakar2019 (PD Classification),756,240,train-fold median
pd_speech_det_TKEO_std_2_coef,Sakar2019 (PD Classification),756,240,train-fold median
pd_speech_det_TKEO_std_3_coef,Sakar2019 (PD Classification),756,240,train-fold median
pd_speech_det_TKEO_std_4_coef,Sakar2019 (PD Classification),756,240,train-fold median
pd_speech_det_TKEO_std_5_coef,Sakar2019 (PD Classification),756,240,train-fold median
pd_speech_det_TKEO_std_6_coef,Sakar2019 (PD Classification),756,240,train-fold median
pd_speech_det_TKEO_std_7_coef,Sakar2019 (PD Classification),756,240,train-fold median
pd_speech_det_TKEO_std_8_coef,Sakar2019 (PD Classification),756,240,train-fold median
pd_speech_det_TKEO_std_9_coef,Sakar2019 (PD Classification),756,240,train-fold median
pd_speech_det_entropy_log_10_coef,Sakar2019 (PD Classification),756,240,train-fold median
pd_speech_det_entropy_log_1_coef,Sakar2019 (PD Classification),756,240,train-fold median
pd_speech_det_entropy_log_2_coef,Sakar2019 (PD Classification),756,240,train-fold median
pd_speech_det_entropy_log_3_coef,Sakar2019 (PD Classification),756,240,train-fold median
pd_speech_det_entropy_log_4_coef,Sakar2019 (PD Classification),756,240,train-fold median
pd_speech_det_entropy_log_5_coef,Sakar2019 (PD Classification),756,240,train-fold median
pd_speech_det_entropy_log_6_coef,Sakar2019 (PD Classification),756,240,train-fold median
pd_speech_det_entropy_log_7_coef,Sakar2019 (PD Classification),756,240,train-fold median
pd_speech_det_entropy_log_8_coef,Sakar2019 (PD Classification),756,240,train-fold median
pd_speech_det_entropy_log_9_coef,Sakar2019 (PD Classification),756,240,train-fold median
pd_speech_det_entropy_shannon_10_coef,Sakar2019 (PD Classification),756,240,train-fold median
pd_speech_det_entropy_shannon_1_coef,Sakar2019 (PD Classification),756,240,train-fold median
pd_speech_det_entropy_shannon_2_coef,Sakar2019 (PD Classification),756,240,train-fold median
pd_speech_det_entropy_shannon_3_coef,Sakar2019 (PD Classification),756,240,train-fold median
pd_speech_det_entropy_shannon_4_coef,Sakar2019 (PD Classification),756,240,train-fold median
pd_speech_det_entropy_shannon_5_coef,Sakar2019 (PD Classification),756,240,train-fold median
pd_speech_det_entropy_shannon_6_coef,Sakar2019 (PD Classification),756,240,train-fold median
pd_speech_det_entropy_shannon_7_coef,Sakar2019 (PD Classification),756,240,train-fold median
pd_speech_det_entropy_shannon_8_coef,Sakar2019 (PD Classification),756,240,train-fold median
pd_speech_det_entropy_shannon_9_coef,Sakar2019 (PD Classification),756,240,train-fold median
pd_speech_f1,Sakar2019 (PD Classification),756,240,train-fold median
pd_speech_f2,Sakar2019 (PD Classification),756,240,train-fold median
pd_speech_f3,Sakar2019 (PD Classification),756,240,train-fold median
pd_speech_f4,Sakar2019 (PD Classification),756,240,train-fold median
pd_speech_gender,Sakar2019 (PD Classification),756,240,train-fold median
pd_speech_locAbsJitter,Sakar2019 (PD Classification),756,240,train-fold median
pd_speech_locDbShimmer,Sakar2019 (PD Classification),756,240,train-fold median
pd_speech_locPctJitter,Sakar2019 (PD Classification),756,240,train-fold median
pd_speech_locShimmer,Sakar2019 (PD Classification),756,240,train-fold median
pd_speech_maxIntensity,Sakar2019 (PD Classification),756,240,train-fold median
pd_speech_meanAutoCorrHarmonicity,Sakar2019 (PD Classification),756,240,train-fold median
pd_speech_meanHarmToNoiseHarmonicity,Sakar2019 (PD Classification),756,240,train-fold median
pd_speech_meanIntensity,Sakar2019 (PD Classification),756,240,train-fold median
pd_speech_meanNoiseToHarmHarmonicity,Sakar2019 (PD Classification),756,240,train-fold median
pd_speech_meanPeriodPulses,Sakar2019 (PD Classification),756,240,train-fold median
pd_speech_mean_0th_delta,Sakar2019 (PD Classification),756,240,train-fold median
pd_speech_mean_10th_delta,Sakar2019 (PD Classification),756,240,train-fold median
pd_speech_mean_10th_delta_delta,Sakar2019 (PD Classification),756,240,train-fold median
pd_speech_mean_11th_delta,Sakar2019 (PD Classification),756,240,train-fold median
pd_speech_mean_11th_delta_delta,Sakar2019 (PD Classification),756,240,train-fold median
pd_speech_mean_12th_delta,Sakar2019 (PD Classification),756,240,train-fold median
pd_speech_mean_12th_delta_delta,Sakar2019 (PD Classification),756,240,train-fold median
pd_speech_mean_1st_delta,Sakar2019 (PD Classification),756,240,train-fold median
pd_speech_mean_1st_delta_delta,Sakar2019 (PD Classification),756,240,train-fold median
pd_speech_mean_2nd_delta,Sakar2019 (PD Classification),756,240,train-fold median
pd_speech_mean_2nd_delta_delta,Sakar2019 (PD Classification),756,240,train-fold median
pd_speech_mean_3rd_delta,Sakar2019 (PD Classification),756,240,train-fold median
pd_speech_mean_3rd_delta_delta,Sakar2019 (PD Classification),756,240,train-fold median
pd_speech_mean_4th_delta,Sakar2019 (PD Classification),756,240,train-fold median
pd_speech_mean_4th_delta_delta,Sakar2019 (PD Classification),756,240,train-fold median
pd_speech_mean_5th_delta,Sakar2019 (PD Classification),756,240,train-fold median
pd_speech_mean_5th_delta_delta,Sakar2019 (PD Classification),756,240,train-fold median
pd_speech_mean_6th_delta,Sakar2019 (PD Classification),756,240,train-fold median
pd_speech_mean_6th_delta_delta,Sakar2019 (PD Classification),756,240,train-fold median
pd_speech_mean_7th_delta,Sakar2019 (PD Classification),756,240,train-fold median
pd_speech_mean_7th_delta_delta,Sakar2019 (PD Classification),756,240,train-fold median
pd_speech_mean_8th_delta,Sakar2019 (PD Classification),756,240,train-fold median
pd_speech_mean_8th_delta_delta,Sakar2019 (PD Classification),756,240,train-fold median
pd_speech_mean_9th_delta,Sakar2019 (PD Classification),756,240,train-fold median
pd_speech_mean_9th_delta_delta,Sakar2019 (PD Classification),756,240,train-fold median
pd_speech_mean_Log_energy,Sakar2019 (PD Classification),756,240,train-fold median
pd_speech_mean_MFCC_0th_coef,Sakar2019 (PD Classification),756,240,train-fold median
pd_speech_mean_MFCC_10th_coef,Sakar2019 (PD Classification),756,240,train-fold median
pd_speech_mean_MFCC_11th_coef,Sakar2019 (PD Classification),756,240,train-fold median
pd_speech_mean_MFCC_12th_coef,Sakar2019 (PD Classification),756,240,train-fold median
pd_speech_mean_MFCC_1st_coef,Sakar2019 (PD Classification),756,240,train-fold median
pd_speech_mean_MFCC_2nd_coef,Sakar2019 (PD Classification),756,240,train-fold median
pd_speech_mean_MFCC_3rd_coef,Sakar2019 (PD Classification),756,240,train-fold median
pd_speech_mean_MFCC_4th_coef,Sakar2019 (PD Classification),756,240,train-fold median
pd_speech_mean_MFCC_5th_coef,Sakar2019 (PD Classification),756,240,train-fold median
pd_speech_mean_MFCC_6th_coef,Sakar2019 (PD Classification),756,240,train-fold median
pd_speech_mean_MFCC_7th_coef,Sakar2019 (PD Classification),756,240,train-fold median
pd_speech_mean_MFCC_8th_coef,Sakar2019 (PD Classification),756,240,train-fold median
pd_speech_mean_MFCC_9th_coef,Sakar2019 (PD Classification),756,240,train-fold median
pd_speech_mean_delta_delta_0th,Sakar2019 (PD Classification),756,240,train-fold median
pd_speech_mean_delta_delta_log_energy,Sakar2019 (PD Classification),756,240,train-fold median
pd_speech_mean_delta_log_energy,Sakar2019 (PD Classification),756,240,train-fold median
pd_speech_minIntensity,Sakar2019 (PD Classification),756,240,train-fold median
pd_speech_numPeriodsPulses,Sakar2019 (PD Classification),756,240,train-fold median
pd_speech_numPulses,Sakar2019 (PD Classification),756,240,train-fold median
pd_speech_ppq5Jitter,Sakar2019 (PD Classification),756,240,train-fold median
pd_speech_rapJitter,Sakar2019 (PD Classification),756,240,train-fold median
pd_speech_stdDevPeriodPulses,Sakar2019 (PD Classification),756,240,train-fold median
pd_speech_std_0th_delta,Sakar2019 (PD Classification),756,240,train-fold median
pd_speech_std_10th_delta,Sakar2019 (PD Classification),756,240,train-fold median
pd_speech_std_10th_delta_delta,Sakar2019 (PD Classification),756,240,train-fold median
pd_speech_std_11th_delta,Sakar2019 (PD Classification),756,240,train-fold median
pd_speech_std_11th_delta_delta,Sakar2019 (PD Classification),756,240,train-fold median
pd_speech_std_12th_delta,Sakar2019 (PD Classification),756,240,train-fold median
pd_speech_std_12th_delta_delta,Sakar2019 (PD Classification),756,240,train-fold median
pd_speech_std_1st_delta,Sakar2019 (PD Classification),756,240,train-fold median
pd_speech_std_1st_delta_delta,Sakar2019 (PD Classification),756,240,train-fold median
pd_speech_std_2nd_delta,Sakar2019 (PD Classification),756,240,train-fold median
pd_speech_std_2nd_delta_delta,Sakar2019 (PD Classification),756,240,train-fold median
pd_speech_std_3rd_delta,Sakar2019 (PD Classification),756,240,train-fold median
pd_speech_std_3rd_delta_delta,Sakar2019 (PD Classification),756,240,train-fold median
pd_speech_std_4th_delta,Sakar2019 (PD Classification),756,240,train-fold median
pd_speech_std_4th_delta_delta,Sakar2019 (PD Classification),756,240,train-fold median
pd_speech_std_5th_delta,Sakar2019 (PD Classification),756,240,train-fold median
pd_speech_std_5th_delta_delta,Sakar2019 (PD Classification),756,240,train-fold median
pd_speech_std_6th_delta,Sakar2019 (PD Classification),756,240,train-fold median
pd_speech_std_6th_delta_delta,Sakar2019 (PD Classification),756,240,train-fold median
pd_speech_std_7th_delta,Sakar2019 (PD Classification),756,240,train-fold median
pd_speech_std_7th_delta_delta,Sakar2019 (PD Classification),756,240,train-fold median
pd_speech_std_8th_delta,Sakar2019 (PD Classification),756,240,train-fold median
pd_speech_std_8th_delta_delta,Sakar2019 (PD Classification),756,240,train-fold median
pd_speech_std_9th_delta,Sakar2019 (PD Classification),756,240,train-fold median
pd_speech_std_9th_delta_delta,Sakar2019 (PD Classification),756,240,train-fold median
pd_speech_std_Log_energy,Sakar2019 (PD Classification),756,240,train-fold median
pd_speech_std_MFCC_0th_coef,Sakar2019 (PD Classification),756,240,train-fold median
pd_speech_std_MFCC_10th_coef,Sakar2019 (PD Classification),756,240,train-fold median
pd_speech_std_MFCC_11th_coef,Sakar2019 (PD Classification),756,240,train-fold median
pd_speech_std_MFCC_12th_coef,Sakar2019 (PD Classification),756,240,train-fold median
pd_speech_std_MFCC_1st_coef,Sakar2019 (PD Classification),756,240,train-fold median
pd_speech_std_MFCC_2nd_coef,Sakar2019 (PD Classification),756,240,train-fold median
pd_speech_std_MFCC_3rd_coef,Sakar2019 (PD Classification),756,240,train-fold median
pd_speech_std_MFCC_4th_coef,Sakar2019 (PD Classification),756,240,train-fold median
pd_speech_std_MFCC_5th_coef,Sakar2019 (PD Classification),756,240,train-fold median
pd_speech_std_MFCC_6th_coef,Sakar2019 (PD Classification),756,240,train-fold median
pd_speech_std_MFCC_7th_coef,Sakar2019 (PD Classification),756,240,train-fold median
pd_speech_std_MFCC_8th_coef,Sakar2019 (PD Classification),756,240,train-fold median
pd_speech_std_MFCC_9th_coef,Sakar2019 (PD Classification),756,240,train-fold median
pd_speech_std_delta_delta_0th,Sakar2019 (PD Classification),756,240,train-fold median
pd_speech_std_delta_delta_log_energy,Sakar2019 (PD Classification),756,240,train-fold median
pd_speech_std_delta_log_energy,Sakar2019 (PD Classification),756,240,train-fold median
pd_speech_tqwt_TKEO_mean_dec_1,Sakar2019 (PD Classification),756,240,train-fold median
pd_speech_tqwt_TKEO_mean_dec_10,Sakar2019 (PD Classification),756,240,train-fold median
pd_speech_tqwt_TKEO_mean_dec_11,Sakar2019 (PD Classification),756,240,train-fold median
pd_speech_tqwt_TKEO_mean_dec_12,Sakar2019 (PD Classification),756,240,train-fold median
pd_speech_tqwt_TKEO_mean_dec_13,Sakar2019 (PD Classification),756,240,train-fold median
pd_speech_tqwt_TKEO_mean_dec_14,Sakar2019 (PD Classification),756,240,train-fold median
pd_speech_tqwt_TKEO_mean_dec_15,Sakar2019 (PD Classification),756,240,train-fold median
pd_speech_tqwt_TKEO_mean_dec_16,Sakar2019 (PD Classification),756,240,train-fold median
pd_speech_tqwt_TKEO_mean_dec_17,Sakar2019 (PD Classification),756,240,train-fold median
pd_speech_tqwt_TKEO_mean_dec_18,Sakar2019 (PD Classification),756,240,train-fold median
pd_speech_tqwt_TKEO_mean_dec_19,Sakar2019 (PD Classification),756,240,train-fold median
pd_speech_tqwt_TKEO_mean_dec_2,Sakar2019 (PD Classification),756,240,train-fold median
pd_speech_tqwt_TKEO_mean_dec_20,Sakar2019 (PD Classification),756,240,train-fold median
pd_speech_tqwt_TKEO_mean_dec_21,Sakar2019 (PD Classification),756,240,train-fold median
pd_speech_tqwt_TKEO_mean_dec_22,Sakar2019 (PD Classification),756,240,train-fold median
pd_speech_tqwt_TKEO_mean_dec_23,Sakar2019 (PD Classification),756,240,train-fold median
pd_speech_tqwt_TKEO_mean_dec_24,Sakar2019 (PD Classification),756,240,train-fold median
pd_speech_tqwt_TKEO_mean_dec_25,Sakar2019 (PD Classification),756,240,train-fold median
pd_speech_tqwt_TKEO_mean_dec_26,Sakar2019 (PD Classification),756,240,train-fold median
pd_speech_tqwt_TKEO_mean_dec_27,Sakar2019 (PD Classification),756,240,train-fold median
pd_speech_tqwt_TKEO_mean_dec_28,Sakar2019 (PD Classification),756,240,train-fold median
pd_speech_tqwt_TKEO_mean_dec_29,Sakar2019 (PD Classification),756,240,train-fold median
pd_speech_tqwt_TKEO_mean_dec_3,Sakar2019 (PD Classification),756,240,train-fold median
pd_speech_tqwt_TKEO_mean_dec_30,Sakar2019 (PD Classification),756,240,train-fold median
pd_speech_tqwt_TKEO_mean_dec_31,Sakar2019 (PD Classification),756,240,train-fold median
pd_speech_tqwt_TKEO_mean_dec_32,Sakar2019 (PD Classification),756,240,train-fold median
pd_speech_tqwt_TKEO_mean_dec_33,Sakar2019 (PD Classification),756,240,train-fold median
pd_speech_tqwt_TKEO_mean_dec_34,Sakar2019 (PD Classification),756,240,train-fold median
pd_speech_tqwt_TKEO_mean_dec_35,Sakar2019 (PD Classification),756,240,train-fold median
pd_speech_tqwt_TKEO_mean_dec_36,Sakar2019 (PD Classification),756,240,train-fold median
pd_speech_tqwt_TKEO_mean_dec_4,Sakar2019 (PD Classification),756,240,train-fold median
pd_speech_tqwt_TKEO_mean_dec_5,Sakar2019 (PD Classification),756,240,train-fold median
pd_speech_tqwt_TKEO_mean_dec_6,Sakar2019 (PD Classification),756,240,train-fold median
pd_speech_tqwt_TKEO_mean_dec_7,Sakar2019 (PD Classification),756,240,train-fold median
pd_speech_tqwt_TKEO_mean_dec_8,Sakar2019 (PD Classification),756,240,train-fold median
pd_speech_tqwt_TKEO_mean_dec_9,Sakar2019 (PD Classification),756,240,train-fold median
pd_speech_tqwt_TKEO_std_dec_1,Sakar2019 (PD Classification),756,240,train-fold median
pd_speech_tqwt_TKEO_std_dec_10,Sakar2019 (PD Classification),756,240,train-fold median
pd_speech_tqwt_TKEO_std_dec_11,Sakar2019 (PD Classification),756,240,train-fold median
pd_speech_tqwt_TKEO_std_dec_12,Sakar2019 (PD Classification),756,240,train-fold median
pd_speech_tqwt_TKEO_std_dec_13,Sakar2019 (PD Classification),756,240,train-fold median
pd_speech_tqwt_TKEO_std_dec_14,Sakar2019 (PD Classification),756,240,train-fold median
pd_speech_tqwt_TKEO_std_dec_15,Sakar2019 (PD Classification),756,240,train-fold median
pd_speech_tqwt_TKEO_std_dec_16,Sakar2019 (PD Classification),756,240,train-fold median
pd_speech_tqwt_TKEO_std_dec_17,Sakar2019 (PD Classification),756,240,train-fold median
pd_speech_tqwt_TKEO_std_dec_18,Sakar2019 (PD Classification),756,240,train-fold median
pd_speech_tqwt_TKEO_std_dec_19,Sakar2019 (PD Classification),756,240,train-fold median
pd_speech_tqwt_TKEO_std_dec_2,Sakar2019 (PD Classification),756,240,train-fold median
pd_speech_tqwt_TKEO_std_dec_20,Sakar2019 (PD Classification),756,240,train-fold median
pd_speech_tqwt_TKEO_std_dec_21,Sakar2019 (PD Classification),756,240,train-fold median
pd_speech_tqwt_TKEO_std_dec_22,Sakar2019 (PD Classification),756,240,train-fold median
pd_speech_tqwt_TKEO_std_dec_23,Sakar2019 (PD Classification),756,240,train-fold median
pd_speech_tqwt_TKEO_std_dec_24,Sakar2019 (PD Classification),756,240,train-fold median
pd_speech_tqwt_TKEO_std_dec_25,Sakar2019 (PD Classification),756,240,train-fold median
pd_speech_tqwt_TKEO_std_dec_26,Sakar2019 (PD Classification),756,240,train-fold median
pd_speech_tqwt_TKEO_std_dec_27,Sakar2019 (PD Classification),756,240,train-fold median
pd_speech_tqwt_TKEO_std_dec_28,Sakar2019 (PD Classification),756,240,train-fold median
pd_speech_tqwt_TKEO_std_dec_29,Sakar2019 (PD Classification),756,240,train-fold median
pd_speech_tqwt_TKEO_std_dec_3,Sakar2019 (PD Classification),756,240,train-fold median
pd_speech_tqwt_TKEO_std_dec_30,Sakar2019 (PD Classification),756,240,train-fold median
pd_speech_tqwt_TKEO_std_dec_31,Sakar2019 (PD Classification),756,240,train-fold median
pd_speech_tqwt_TKEO_std_dec_32,Sakar2019 (PD Classification),756,240,train-fold median
pd_speech_tqwt_TKEO_std_dec_33,Sakar2019 (PD Classification),756,240,train-fold median
pd_speech_tqwt_TKEO_std_dec_34,Sakar2019 (PD Classification),756,240,train-fold median
pd_speech_tqwt_TKEO_std_dec_35,Sakar2019 (PD Classification),756,240,train-fold median
pd_speech_tqwt_TKEO_std_dec_36,Sakar2019 (PD Classification),756,240,train-fold median
pd_speech_tqwt_TKEO_std_dec_4,Sakar2019 (PD Classification),756,240,train-fold median
pd_speech_tqwt_TKEO_std_dec_5,Sakar2019 (PD Classification),756,240,train-fold median
pd_speech_tqwt_TKEO_std_dec_6,Sakar2019 (PD Classification),756,240,train-fold median
pd_speech_tqwt_TKEO_std_dec_7,Sakar2019 (PD Classification),756,240,train-fold median
pd_speech_tqwt_TKEO_std_dec_8,Sakar2019 (PD Classification),756,240,train-fold median
pd_speech_tqwt_TKEO_std_dec_9,Sakar2019 (PD Classification),756,240,train-fold median
pd_speech_tqwt_energy_dec_1,Sakar2019 (PD Classification),756,240,train-fold median
pd_speech_tqwt_energy_dec_10,Sakar2019 (PD Classification),756,240,train-fold median
pd_speech_tqwt_energy_dec_11,Sakar2019 (PD Classification),756,240,train-fold median
pd_speech_tqwt_energy_dec_12,Sakar2019 (PD Classification),756,240,train-fold median
pd_speech_tqwt_energy_dec_13,Sakar2019 (PD Classification),756,240,train-fold median
pd_speech_tqwt_energy_dec_14,Sakar2019 (PD Classification),756,240,train-fold median
pd_speech_tqwt_energy_dec_15,Sakar2019 (PD Classification),756,240,train-fold median
pd_speech_tqwt_energy_dec_16,Sakar2019 (PD Classification),756,240,train-fold median
pd_speech_tqwt_energy_dec_17,Sakar2019 (PD Classification),756,240,train-fold median
pd_speech_tqwt_energy_dec_18,Sakar2019 (PD Classification),756,240,train-fold median
pd_speech_tqwt_energy_dec_19,Sakar2019 (PD Classification),756,240,train-fold median
pd_speech_tqwt_energy_dec_2,Sakar2019 (PD Classification),756,240,train-fold median
pd_speech_tqwt_energy_dec_20,Sakar2019 (PD Classification),756,240,train-fold median
pd_speech_tqwt_energy_dec_21,Sakar2019 (PD Classification),756,240,train-fold median
pd_speech_tqwt_energy_dec_22,Sakar2019 (PD Classification),756,240,train-fold median
pd_speech_tqwt_energy_dec_23,Sakar2019 (PD Classification),756,240,train-fold median
pd_speech_tqwt_energy_dec_24,Sakar2019 (PD Classification),756,240,train-fold median
pd_speech_tqwt_energy_dec_25,Sakar2019 (PD Classification),756,240,train-fold median
pd_speech_tqwt_energy_dec_26,Sakar2019 (PD Classification),756,240,train-fold median
pd_speech_tqwt_energy_dec_27,Sakar2019 (PD Classification),756,240,train-fold median
pd_speech_tqwt_energy_dec_28,Sakar2019 (PD Classification),756,240,train-fold median
pd_speech_tqwt_energy_dec_29,Sakar2019 (PD Classification),756,240,train-fold median
pd_speech_tqwt_energy_dec_3,Sakar2019 (PD Classification),756,240,train-fold median
pd_speech_tqwt_energy_dec_30,Sakar2019 (PD Classification),756,240,train-fold median
pd_speech_tqwt_energy_dec_31,Sakar2019 (PD Classification),756,240,train-fold median
pd_speech_tqwt_energy_dec_32,Sakar2019 (PD Classification),756,240,train-fold median
pd_speech_tqwt_energy_dec_33,Sakar2019 (PD Classification),756,240,train-fold median
pd_speech_tqwt_energy_dec_34,Sakar2019 (PD Classification),756,240,train-fold median
pd_speech_tqwt_energy_dec_35,Sakar2019 (PD Classification),756,240,train-fold median
pd_speech_tqwt_energy_dec_36,Sakar2019 (PD Classification),756,240,train-fold median
pd_speech_tqwt_energy_dec_4,Sakar2019 (PD Classification),756,240,train-fold median
pd_speech_tqwt_energy_dec_5,Sakar2019 (PD Classification),756,240,train-fold median
pd_speech_tqwt_energy_dec_6,Sakar2019 (PD Classification),756,240,train-fold median
pd_speech_tqwt_energy_dec_7,Sakar2019 (PD Classification),756,240,train-fold median
pd_speech_tqwt_energy_dec_8,Sakar2019 (PD Classification),756,240,train-fold median
pd_speech_tqwt_energy_dec_9,Sakar2019 (PD Classification),756,240,train-fold median
pd_speech_tqwt_entropy_log_dec_1,Sakar2019 (PD Classification),756,240,train-fold median
pd_speech_tqwt_entropy_log_dec_10,Sakar2019 (PD Classification),756,240,train-fold median
pd_speech_tqwt_entropy_log_dec_11,Sakar2019 (PD Classification),756,240,train-fold median
pd_speech_tqwt_entropy_log_dec_12,Sakar2019 (PD Classification),756,240,train-fold median
pd_speech_tqwt_entropy_log_dec_13,Sakar2019 (PD Classification),756,240,train-fold median
pd_speech_tqwt_entropy_log_dec_14,Sakar2019 (PD Classification),756,240,train-fold median
pd_speech_tqwt_entropy_log_dec_15,Sakar2019 (PD Classification),756,240,train-fold median
pd_speech_tqwt_entropy_log_dec_16,Sakar2019 (PD Classification),756,240,train-fold median
pd_speech_tqwt_entropy_log_dec_17,Sakar2019 (PD Classification),756,240,train-fold median
pd_speech_tqwt_entropy_log_dec_18,Sakar2019 (PD Classification),756,240,train-fold median
pd_speech_tqwt_entropy_log_dec_19,Sakar2019 (PD Classification),756,240,train-fold median
pd_speech_tqwt_entropy_log_dec_2,Sakar2019 (PD Classification),756,240,train-fold median
pd_speech_tqwt_entropy_log_dec_20,Sakar2019 (PD Classification),756,240,train-fold median
pd_speech_tqwt_entropy_log_dec_21,Sakar2019 (PD Classification),756,240,train-fold median
pd_speech_tqwt_entropy_log_dec_22,Sakar2019 (PD Classification),756,240,train-fold median
pd_speech_tqwt_entropy_log_dec_23,Sakar2019 (PD Classification),756,240,train-fold median
pd_speech_tqwt_entropy_log_dec_24,Sakar2019 (PD Classification),756,240,train-fold median
pd_speech_tqwt_entropy_log_dec_25,Sakar2019 (PD Classification),756,240,train-fold median
pd_speech_tqwt_entropy_log_dec_26,Sakar2019 (PD Classification),756,240,train-fold median
pd_speech_tqwt_entropy_log_dec_27,Sakar2019 (PD Classification),756,240,train-fold median
pd_speech_tqwt_entropy_log_dec_28,Sakar2019 (PD Classification),756,240,train-fold median
pd_speech_tqwt_entropy_log_dec_29,Sakar2019 (PD Classification),756,240,train-fold median
pd_speech_tqwt_entropy_log_dec_3,Sakar2019 (PD Classification),756,240,train-fold median
pd_speech_tqwt_entropy_log_dec_30,Sakar2019 (PD Classification),756,240,train-fold median
pd_speech_tqwt_entropy_log_dec_31,Sakar2019 (PD Classification),756,240,train-fold median
pd_speech_tqwt_entropy_log_dec_32,Sakar2019 (PD Classification),756,240,train-fold median
pd_speech_tqwt_entropy_log_dec_33,Sakar2019 (PD Classification),756,240,train-fold median
pd_speech_tqwt_entropy_log_dec_34,Sakar2019 (PD Classification),756,240,train-fold median
pd_speech_tqwt_entropy_log_dec_35,Sakar2019 (PD Classification),756,240,train-fold median
pd_speech_tqwt_entropy_log_dec_36,Sakar2019 (PD Classification),756,240,train-fold median
pd_speech_tqwt_entropy_log_dec_4,Sakar2019 (PD Classification),756,240,train-fold median
pd_speech_tqwt_entropy_log_dec_5,Sakar2019 (PD Classification),756,240,train-fold median
pd_speech_tqwt_entropy_log_dec_6,Sakar2019 (PD Classification),756,240,train-fold median
pd_speech_tqwt_entropy_log_dec_7,Sakar2019 (PD Classification),756,240,train-fold median
pd_speech_tqwt_entropy_log_dec_8,Sakar2019 (PD Classification),756,240,train-fold median
pd_speech_tqwt_entropy_log_dec_9,Sakar2019 (PD Classification),756,240,train-fold median
pd_speech_tqwt_entropy_shannon_dec_1,Sakar2019 (PD Classification),756,240,train-fold median
pd_speech_tqwt_entropy_shannon_dec_10,Sakar2019 (PD Classification),756,240,train-fold median
pd_speech_tqwt_entropy_shannon_dec_11,Sakar2019 (PD Classification),756,240,train-fold median
pd_speech_tqwt_entropy_shannon_dec_12,Sakar2019 (PD Classification),756,240,train-fold median
pd_speech_tqwt_entropy_shannon_dec_13,Sakar2019 (PD Classification),756,240,train-fold median
pd_speech_tqwt_entropy_shannon_dec_14,Sakar2019 (PD Classification),756,240,train-fold median
pd_speech_tqwt_entropy_shannon_dec_15,Sakar2019 (PD Classification),756,240,train-fold median
pd_speech_tqwt_entropy_shannon_dec_16,Sakar2019 (PD Classification),756,240,train-fold median
pd_speech_tqwt_entropy_shannon_dec_17,Sakar2019 (PD Classification),756,240,train-fold median
pd_speech_tqwt_entropy_shannon_dec_18,Sakar2019 (PD Classification),756,240,train-fold median
pd_speech_tqwt_entropy_shannon_dec_19,Sakar2019 (PD Classification),756,240,train-fold median
pd_speech_tqwt_entropy_shannon_dec_2,Sakar2019 (PD Classification),756,240,train-fold median
pd_speech_tqwt_entropy_shannon_dec_20,Sakar2019 (PD Classification),756,240,train-fold median
pd_speech_tqwt_entropy_shannon_dec_21,Sakar2019 (PD Classification),756,240,train-fold median
pd_speech_tqwt_entropy_shannon_dec_22,Sakar2019 (PD Classification),756,240,train-fold median
pd_speech_tqwt_entropy_shannon_dec_23,Sakar2019 (PD Classification),756,240,train-fold median
pd_speech_tqwt_entropy_shannon_dec_24,Sakar2019 (PD Classification),756,240,train-fold median
pd_speech_tqwt_entropy_shannon_dec_25,Sakar2019 (PD Classification),756,240,train-fold median
pd_speech_tqwt_entropy_shannon_dec_26,Sakar2019 (PD Classification),756,240,train-fold median
pd_speech_tqwt_entropy_shannon_dec_27,Sakar2019 (PD Classification),756,240,train-fold median
pd_speech_tqwt_entropy_shannon_dec_28,Sakar2019 (PD Classification),756,240,train-fold median
pd_speech_tqwt_entropy_shannon_dec_29,Sakar2019 (PD Classification),756,240,train-fold median
pd_speech_tqwt_entropy_shannon_dec_3,Sakar2019 (PD Classification),756,240,train-fold median
pd_speech_tqwt_entropy_shannon_dec_30,Sakar2019 (PD Classification),756,240,train-fold median
pd_speech_tqwt_entropy_shannon_dec_31,Sakar2019 (PD Classification),756,240,train-fold median
pd_speech_tqwt_entropy_shannon_dec_32,Sakar2019 (PD Classification),756,240,train-fold median
pd_speech_tqwt_entropy_shannon_dec_33,Sakar2019 (PD Classification),756,240,train-fold median
pd_speech_tqwt_entropy_shannon_dec_34,Sakar2019 (PD Classification),756,240,train-fold median
pd_speech_tqwt_entropy_shannon_dec_35,Sakar2019 (PD Classification),756,240,train-fold median
pd_speech_tqwt_entropy_shannon_dec_36,Sakar2019 (PD Classification),756,240,train-fold median
pd_speech_tqwt_entropy_shannon_dec_4,Sakar2019 (PD Classification),756,240,train-fold median
pd_speech_tqwt_entropy_shannon_dec_5,Sakar2019 (PD Classification),756,240,train-fold median
pd_speech_tqwt_entropy_shannon_dec_6,Sakar2019 (PD Classification),756,240,train-fold median
pd_speech_tqwt_entropy_shannon_dec_7,Sakar2019 (PD Classification),756,240,train-fold median
pd_speech_tqwt_entropy_shannon_dec_8,Sakar2019 (PD Classification),756,240,train-fold median
pd_speech_tqwt_entropy_shannon_dec_9,Sakar2019 (PD Classification),756,240,train-fold median
pd_speech_tqwt_kurtosisValue_dec_1,Sakar2019 (PD Classification),756,240,train-fold median
pd_speech_tqwt_kurtosisValue_dec_10,Sakar2019 (PD Classification),756,240,train-fold median
pd_speech_tqwt_kurtosisValue_dec_11,Sakar2019 (PD Classification),756,240,train-fold median
pd_speech_tqwt_kurtosisValue_dec_12,Sakar2019 (PD Classification),756,240,train-fold median
pd_speech_tqwt_kurtosisValue_dec_13,Sakar2019 (PD Classification),756,240,train-fold median
pd_speech_tqwt_kurtosisValue_dec_14,Sakar2019 (PD Classification),756,240,train-fold median
pd_speech_tqwt_kurtosisValue_dec_15,Sakar2019 (PD Classification),756,240,train-fold median
pd_speech_tqwt_kurtosisValue_dec_16,Sakar2019 (PD Classification),756,240,train-fold median
pd_speech_tqwt_kurtosisValue_dec_17,Sakar2019 (PD Classification),756,240,train-fold median
pd_speech_tqwt_kurtosisValue_dec_18,Sakar2019 (PD Classification),756,240,train-fold median
pd_speech_tqwt_kurtosisValue_dec_19,Sakar2019 (PD Classification),756,240,train-fold median
pd_speech_tqwt_kurtosisValue_dec_2,Sakar2019 (PD Classification),756,240,train-fold median
pd_speech_tqwt_kurtosisValue_dec_20,Sakar2019 (PD Classification),756,240,train-fold median
pd_speech_tqwt_kurtosisValue_dec_21,Sakar2019 (PD Classification),756,240,train-fold median
pd_speech_tqwt_kurtosisValue_dec_22,Sakar2019 (PD Classification),756,240,train-fold median
pd_speech_tqwt_kurtosisValue_dec_23,Sakar2019 (PD Classification),756,240,train-fold median
pd_speech_tqwt_kurtosisValue_dec_24,Sakar2019 (PD Classification),756,240,train-fold median
pd_speech_tqwt_kurtosisValue_dec_25,Sakar2019 (PD Classification),756,240,train-fold median
pd_speech_tqwt_kurtosisValue_dec_26,Sakar2019 (PD Classification),756,240,train-fold median
pd_speech_tqwt_kurtosisValue_dec_27,Sakar2019 (PD Classification),756,240,train-fold median
pd_speech_tqwt_kurtosisValue_dec_28,Sakar2019 (PD Classification),756,240,train-fold median
pd_speech_tqwt_kurtosisValue_dec_29,Sakar2019 (PD Classification),756,240,train-fold median
pd_speech_tqwt_kurtosisValue_dec_3,Sakar2019 (PD Classification),756,240,train-fold median
pd_speech_tqwt_kurtosisValue_dec_30,Sakar2019 (PD Classification),756,240,train-fold median
pd_speech_tqwt_kurtosisValue_dec_31,Sakar2019 (PD Classification),756,240,train-fold median
pd_speech_tqwt_kurtosisValue_dec_32,Sakar2019 (PD Classification),756,240,train-fold median
pd_speech_tqwt_kurtosisValue_dec_33,Sakar2019 (PD Classification),756,240,train-fold median
pd_speech_tqwt_kurtosisValue_dec_34,Sakar2019 (PD Classification),756,240,train-fold median
pd_speech_tqwt_kurtosisValue_dec_35,Sakar2019 (PD Classification),756,240,train-fold median
pd_speech_tqwt_kurtosisValue_dec_36,Sakar2019 (PD Classification),756,240,train-fold median
pd_speech_tqwt_kurtosisValue_dec_4,Sakar2019 (PD Classification),756,240,train-fold median
pd_speech_tqwt_kurtosisValue_dec_5,Sakar2019 (PD Classification),756,240,train-fold median
pd_speech_tqwt_kurtosisValue_dec_6,Sakar2019 (PD Classification),756,240,train-fold median
pd_speech_tqwt_kurtosisValue_dec_7,Sakar2019 (PD Classification),756,240,train-fold median
pd_speech_tqwt_kurtosisValue_dec_8,Sakar2019 (PD Classification),756,240,train-fold median
pd_speech_tqwt_kurtosisValue_dec_9,Sakar2019 (PD Classification),756,240,train-fold median
pd_speech_tqwt_maxValue_dec_1,Sakar2019 (PD Classification),756,240,train-fold median
pd_speech_tqwt_maxValue_dec_10,Sakar2019 (PD Classification),756,240,train-fold median
pd_speech_tqwt_maxValue_dec_11,Sakar2019 (PD Classification),756,240,train-fold median
pd_speech_tqwt_maxValue_dec_12,Sakar2019 (PD Classification),756,240,train-fold median
pd_speech_tqwt_maxValue_dec_13,Sakar2019 (PD Classification),756,240,train-fold median
pd_speech_tqwt_maxValue_dec_14,Sakar2019 (PD Classification),756,240,train-fold median
pd_speech_tqwt_maxValue_dec_15,Sakar2019 (PD Classification),756,240,train-fold median
pd_speech_tqwt_maxValue_dec_16,Sakar2019 (PD Classification),756,240,train-fold median
pd_speech_tqwt_maxValue_dec_17,Sakar2019 (PD Classification),756,240,train-fold median
pd_speech_tqwt_maxValue_dec_18,Sakar2019 (PD Classification),756,240,train-fold median
pd_speech_tqwt_maxValue_dec_19,Sakar2019 (PD Classification),756,240,train-fold median
pd_speech_tqwt_maxValue_dec_2,Sakar2019 (PD Classification),756,240,train-fold median
pd_speech_tqwt_maxValue_dec_20,Sakar2019 (PD Classification),756,240,train-fold median
pd_speech_tqwt_maxValue_dec_21,Sakar2019 (PD Classification),756,240,train-fold median
pd_speech_tqwt_maxValue_dec_22,Sakar2019 (PD Classification),756,240,train-fold median
pd_speech_tqwt_maxValue_dec_23,Sakar2019 (PD Classification),756,240,train-fold median
pd_speech_tqwt_maxValue_dec_24,Sakar2019 (PD Classification),756,240,train-fold median
pd_speech_tqwt_maxValue_dec_25,Sakar2019 (PD Classification),756,240,train-fold median
pd_speech_tqwt_maxValue_dec_26,Sakar2019 (PD Classification),756,240,train-fold median
pd_speech_tqwt_maxValue_dec_27,Sakar2019 (PD Classification),756,240,train-fold median
pd_speech_tqwt_maxValue_dec_28,Sakar2019 (PD Classification),756,240,train-fold median
pd_speech_tqwt_maxValue_dec_29,Sakar2019 (PD Classification),756,240,train-fold median
pd_speech_tqwt_maxValue_dec_3,Sakar2019 (PD Classification),756,240,train-fold median
pd_speech_tqwt_maxValue_dec_30,Sakar2019 (PD Classification),756,240,train-fold median
pd_speech_tqwt_maxValue_dec_31,Sakar2019 (PD Classification),756,240,train-fold median
pd_speech_tqwt_maxValue_dec_32,Sakar2019 (PD Classification),756,240,train-fold median
pd_speech_tqwt_maxValue_dec_33,Sakar2019 (PD Classification),756,240,train-fold median
pd_speech_tqwt_maxValue_dec_34,Sakar2019 (PD Classification),756,240,train-fold median
pd_speech_tqwt_maxValue_dec_35,Sakar2019 (PD Classification),756,240,train-fold median
pd_speech_tqwt_maxValue_dec_36,Sakar2019 (PD Classification),756,240,train-fold median
pd_speech_tqwt_maxValue_dec_4,Sakar2019 (PD Classification),756,240,train-fold median
pd_speech_tqwt_maxValue_dec_5,Sakar2019 (PD Classification),756,240,train-fold median
pd_speech_tqwt_maxValue_dec_6,Sakar2019 (PD Classification),756,240,train-fold median
pd_speech_tqwt_maxValue_dec_7,Sakar2019 (PD Classification),756,240,train-fold median
pd_speech_tqwt_maxValue_dec_8,Sakar2019 (PD Classification),756,240,train-fold median
pd_speech_tqwt_maxValue_dec_9,Sakar2019 (PD Classification),756,240,train-fold median
pd_speech_tqwt_meanValue_dec_1,Sakar2019 (PD Classification),756,240,train-fold median
pd_speech_tqwt_meanValue_dec_10,Sakar2019 (PD Classification),756,240,train-fold median
pd_speech_tqwt_meanValue_dec_11,Sakar2019 (PD Classification),756,240,train-fold median
pd_speech_tqwt_meanValue_dec_12,Sakar2019 (PD Classification),756,240,train-fold median
pd_speech_tqwt_meanValue_dec_13,Sakar2019 (PD Classification),756,240,train-fold median
pd_speech_tqwt_meanValue_dec_14,Sakar2019 (PD Classification),756,240,train-fold median
pd_speech_tqwt_meanValue_dec_15,Sakar2019 (PD Classification),756,240,train-fold median
pd_speech_tqwt_meanValue_dec_16,Sakar2019 (PD Classification),756,240,train-fold median
pd_speech_tqwt_meanValue_dec_17,Sakar2019 (PD Classification),756,240,train-fold median
pd_speech_tqwt_meanValue_dec_18,Sakar2019 (PD Classification),756,240,train-fold median
pd_speech_tqwt_meanValue_dec_19,Sakar2019 (PD Classification),756,240,train-fold median
pd_speech_tqwt_meanValue_dec_2,Sakar2019 (PD Classification),756,240,train-fold median
pd_speech_tqwt_meanValue_dec_20,Sakar2019 (PD Classification),756,240,train-fold median
pd_speech_tqwt_meanValue_dec_21,Sakar2019 (PD Classification),756,240,train-fold median
pd_speech_tqwt_meanValue_dec_22,Sakar2019 (PD Classification),756,240,train-fold median
pd_speech_tqwt_meanValue_dec_23,Sakar2019 (PD Classification),756,240,train-fold median
pd_speech_tqwt_meanValue_dec_24,Sakar2019 (PD Classification),756,240,train-fold median
pd_speech_tqwt_meanValue_dec_25,Sakar2019 (PD Classification),756,240,train-fold median
pd_speech_tqwt_meanValue_dec_26,Sakar2019 (PD Classification),756,240,train-fold median
pd_speech_tqwt_meanValue_dec_27,Sakar2019 (PD Classification),756,240,train-fold median
pd_speech_tqwt_meanValue_dec_28,Sakar2019 (PD Classification),756,240,train-fold median
pd_speech_tqwt_meanValue_dec_29,Sakar2019 (PD Classification),756,240,train-fold median
pd_speech_tqwt_meanValue_dec_3,Sakar2019 (PD Classification),756,240,train-fold median
pd_speech_tqwt_meanValue_dec_30,Sakar2019 (PD Classification),756,240,train-fold median
pd_speech_tqwt_meanValue_dec_31,Sakar2019 (PD Classification),756,240,train-fold median
pd_speech_tqwt_meanValue_dec_32,Sakar2019 (PD Classification),756,240,train-fold median
pd_speech_tqwt_meanValue_dec_33,Sakar2019 (PD Classification),756,240,train-fold median
pd_speech_tqwt_meanValue_dec_34,Sakar2019 (PD Classification),756,240,train-fold median
pd_speech_tqwt_meanValue_dec_35,Sakar2019 (PD Classification),756,240,train-fold median
pd_speech_tqwt_meanValue_dec_36,Sakar2019 (PD Classification),756,240,train-fold median
pd_speech_tqwt_meanValue_dec_4,Sakar2019 (PD Classification),756,240,train-fold median
pd_speech_tqwt_meanValue_dec_5,Sakar2019 (PD Classification),756,240,train-fold median
pd_speech_tqwt_meanValue_dec_6,Sakar2019 (PD Classification),756,240,train-fold median
pd_speech_tqwt_meanValue_dec_7,Sakar2019 (PD Classification),756,240,train-fold median
pd_speech_tqwt_meanValue_dec_8,Sakar2019 (PD Classification),756,240,train-fold median
pd_speech_tqwt_meanValue_dec_9,Sakar2019 (PD Classification),756,240,train-fold median
pd_speech_tqwt_medianValue_dec_1,Sakar2019 (PD Classification),756,240,train-fold median
pd_speech_tqwt_medianValue_dec_10,Sakar2019 (PD Classification),756,240,train-fold median
pd_speech_tqwt_medianValue_dec_11,Sakar2019 (PD Classification),756,240,train-fold median
pd_speech_tqwt_medianValue_dec_12,Sakar2019 (PD Classification),756,240,train-fold median
pd_speech_tqwt_medianValue_dec_13,Sakar2019 (PD Classification),756,240,train-fold median
pd_speech_tqwt_medianValue_dec_14,Sakar2019 (PD Classification),756,240,train-fold median
pd_speech_tqwt_medianValue_dec_15,Sakar2019 (PD Classification),756,240,train-fold median
pd_speech_tqwt_medianValue_dec_16,Sakar2019 (PD Classification),756,240,train-fold median
pd_speech_tqwt_medianValue_dec_17,Sakar2019 (PD Classification),756,240,train-fold median
pd_speech_tqwt_medianValue_dec_18,Sakar2019 (PD Classification),756,240,train-fold median
pd_speech_tqwt_medianValue_dec_19,Sakar2019 (PD Classification),756,240,train-fold median
pd_speech_tqwt_medianValue_dec_2,Sakar2019 (PD Classification),756,240,train-fold median
pd_speech_tqwt_medianValue_dec_20,Sakar2019 (PD Classification),756,240,train-fold median
pd_speech_tqwt_medianValue_dec_21,Sakar2019 (PD Classification),756,240,train-fold median
pd_speech_tqwt_medianValue_dec_22,Sakar2019 (PD Classification),756,240,train-fold median
pd_speech_tqwt_medianValue_dec_23,Sakar2019 (PD Classification),756,240,train-fold median
pd_speech_tqwt_medianValue_dec_24,Sakar2019 (PD Classification),756,240,train-fold median
pd_speech_tqwt_medianValue_dec_25,Sakar2019 (PD Classification),756,240,train-fold median
pd_speech_tqwt_medianValue_dec_26,Sakar2019 (PD Classification),756,240,train-fold median
pd_speech_tqwt_medianValue_dec_27,Sakar2019 (PD Classification),756,240,train-fold median
pd_speech_tqwt_medianValue_dec_28,Sakar2019 (PD Classification),756,240,train-fold median
pd_speech_tqwt_medianValue_dec_29,Sakar2019 (PD Classification),756,240,train-fold median
pd_speech_tqwt_medianValue_dec_3,Sakar2019 (PD Classification),756,240,train-fold median
pd_speech_tqwt_medianValue_dec_30,Sakar2019 (PD Classification),756,240,train-fold median
pd_speech_tqwt_medianValue_dec_31,Sakar2019 (PD Classification),756,240,train-fold median
pd_speech_tqwt_medianValue_dec_32,Sakar2019 (PD Classification),756,240,train-fold median
pd_speech_tqwt_medianValue_dec_33,Sakar2019 (PD Classification),756,240,train-fold median
pd_speech_tqwt_medianValue_dec_34,Sakar2019 (PD Classification),756,240,train-fold median
pd_speech_tqwt_medianValue_dec_35,Sakar2019 (PD Classification),756,240,train-fold median
pd_speech_tqwt_medianValue_dec_36,Sakar2019 (PD Classification),756,240,train-fold median
pd_speech_tqwt_medianValue_dec_4,Sakar2019 (PD Classification),756,240,train-fold median
pd_speech_tqwt_medianValue_dec_5,Sakar2019 (PD Classification),756,240,train-fold median
pd_speech_tqwt_medianValue_dec_6,Sakar2019 (PD Classification),756,240,train-fold median
pd_speech_tqwt_medianValue_dec_7,Sakar2019 (PD Classification),756,240,train-fold median
pd_speech_tqwt_medianValue_dec_8,Sakar2019 (PD Classification),756,240,train-fold median
pd_speech_tqwt_medianValue_dec_9,Sakar2019 (PD Classification),756,240,train-fold median
pd_speech_tqwt_minValue_dec_1,Sakar2019 (PD Classification),756,240,train-fold median
pd_speech_tqwt_minValue_dec_10,Sakar2019 (PD Classification),756,240,train-fold median
pd_speech_tqwt_minValue_dec_11,Sakar2019 (PD Classification),756,240,train-fold median
pd_speech_tqwt_minValue_dec_12,Sakar2019 (PD Classification),756,240,train-fold median
pd_speech_tqwt_minValue_dec_13,Sakar2019 (PD Classification),756,240,train-fold median
pd_speech_tqwt_minValue_dec_14,Sakar2019 (PD Classification),756,240,train-fold median
pd_speech_tqwt_minValue_dec_15,Sakar2019 (PD Classification),756,240,train-fold median
pd_speech_tqwt_minValue_dec_16,Sakar2019 (PD Classification),756,240,train-fold median
pd_speech_tqwt_minValue_dec_17,Sakar2019 (PD Classification),756,240,train-fold median
pd_speech_tqwt_minValue_dec_18,Sakar2019 (PD Classification),756,240,train-fold median
pd_speech_tqwt_minValue_dec_19,Sakar2019 (PD Classification),756,240,train-fold median
pd_speech_tqwt_minValue_dec_2,Sakar2019 (PD Classification),756,240,train-fold median
pd_speech_tqwt_minValue_dec_20,Sakar2019 (PD Classification),756,240,train-fold median
pd_speech_tqwt_minValue_dec_21,Sakar2019 (PD Classification),756,240,train-fold median
pd_speech_tqwt_minValue_dec_22,Sakar2019 (PD Classification),756,240,train-fold median
pd_speech_tqwt_minValue_dec_23,Sakar2019 (PD Classification),756,240,train-fold median
pd_speech_tqwt_minValue_dec_24,Sakar2019 (PD Classification),756,240,train-fold median
pd_speech_tqwt_minValue_dec_25,Sakar2019 (PD Classification),756,240,train-fold median
pd_speech_tqwt_minValue_dec_26,Sakar2019 (PD Classification),756,240,train-fold median
pd_speech_tqwt_minValue_dec_27,Sakar2019 (PD Classification),756,240,train-fold median
pd_speech_tqwt_minValue_dec_28,Sakar2019 (PD Classification),756,240,train-fold median
pd_speech_tqwt_minValue_dec_29,Sakar2019 (PD Classification),756,240,train-fold median
pd_speech_tqwt_minValue_dec_3,Sakar2019 (PD Classification),756,240,train-fold median
pd_speech_tqwt_minValue_dec_30,Sakar2019 (PD Classification),756,240,train-fold median
pd_speech_tqwt_minValue_dec_31,Sakar2019 (PD Classification),756,240,train-fold median
pd_speech_tqwt_minValue_dec_32,Sakar2019 (PD Classification),756,240,train-fold median
pd_speech_tqwt_minValue_dec_33,Sakar2019 (PD Classification),756,240,train-fold median
pd_speech_tqwt_minValue_dec_34,Sakar2019 (PD Classification),756,240,train-fold median
pd_speech_tqwt_minValue_dec_35,Sakar2019 (PD Classification),756,240,train-fold median
pd_speech_tqwt_minValue_dec_36,Sakar2019 (PD Classification),756,240,train-fold median
pd_speech_tqwt_minValue_dec_4,Sakar2019 (PD Classification),756,240,train-fold median
pd_speech_tqwt_minValue_dec_5,Sakar2019 (PD Classification),756,240,train-fold median
pd_speech_tqwt_minValue_dec_6,Sakar2019 (PD Classification),756,240,train-fold median
pd_speech_tqwt_minValue_dec_7,Sakar2019 (PD Classification),756,240,train-fold median
pd_speech_tqwt_minValue_dec_8,Sakar2019 (PD Classification),756,240,train-fold median
pd_speech_tqwt_minValue_dec_9,Sakar2019 (PD Classification),756,240,train-fold median
pd_speech_tqwt_skewnessValue_dec_1,Sakar2019 (PD Classification),756,240,train-fold median
pd_speech_tqwt_skewnessValue_dec_10,Sakar2019 (PD Classification),756,240,train-fold median
pd_speech_tqwt_skewnessValue_dec_11,Sakar2019 (PD Classification),756,240,train-fold median
pd_speech_tqwt_skewnessValue_dec_12,Sakar2019 (PD Classification),756,240,train-fold median
pd_speech_tqwt_skewnessValue_dec_13,Sakar2019 (PD Classification),756,240,train-fold median
pd_speech_tqwt_skewnessValue_dec_14,Sakar2019 (PD Classification),756,240,train-fold median
pd_speech_tqwt_skewnessValue_dec_15,Sakar2019 (PD Classification),756,240,train-fold median
pd_speech_tqwt_skewnessValue_dec_16,Sakar2019 (PD Classification),756,240,train-fold median
pd_speech_tqwt_skewnessValue_dec_17,Sakar2019 (PD Classification),756,240,train-fold median
pd_speech_tqwt_skewnessValue_dec_18,Sakar2019 (PD Classification),756,240,train-fold median
pd_speech_tqwt_skewnessValue_dec_19,Sakar2019 (PD Classification),756,240,train-fold median
pd_speech_tqwt_skewnessValue_dec_2,Sakar2019 (PD Classification),756,240,train-fold median
pd_speech_tqwt_skewnessValue_dec_20,Sakar2019 (PD Classification),756,240,train-fold median
pd_speech_tqwt_skewnessValue_dec_21,Sakar2019 (PD Classification),756,240,train-fold median
pd_speech_tqwt_skewnessValue_dec_22,Sakar2019 (PD Classification),756,240,train-fold median
pd_speech_tqwt_skewnessValue_dec_23,Sakar2019 (PD Classification),756,240,train-fold median
pd_speech_tqwt_skewnessValue_dec_24,Sakar2019 (PD Classification),756,240,train-fold median
pd_speech_tqwt_skewnessValue_dec_25,Sakar2019 (PD Classification),756,240,train-fold median
pd_speech_tqwt_skewnessValue_dec_26,Sakar2019 (PD Classification),756,240,train-fold median
pd_speech_tqwt_skewnessValue_dec_27,Sakar2019 (PD Classification),756,240,train-fold median
pd_speech_tqwt_skewnessValue_dec_28,Sakar2019 (PD Classification),756,240,train-fold median
pd_speech_tqwt_skewnessValue_dec_29,Sakar2019 (PD Classification),756,240,train-fold median
pd_speech_tqwt_skewnessValue_dec_3,Sakar2019 (PD Classification),756,240,train-fold median
pd_speech_tqwt_skewnessValue_dec_30,Sakar2019 (PD Classification),756,240,train-fold median
pd_speech_tqwt_skewnessValue_dec_31,Sakar2019 (PD Classification),756,240,train-fold median
pd_speech_tqwt_skewnessValue_dec_32,Sakar2019 (PD Classification),756,240,train-fold median
pd_speech_tqwt_skewnessValue_dec_33,Sakar2019 (PD Classification),756,240,train-fold median
pd_speech_tqwt_skewnessValue_dec_34,Sakar2019 (PD Classification),756,240,train-fold median
pd_speech_tqwt_skewnessValue_dec_35,Sakar2019 (PD Classification),756,240,train-fold median
pd_speech_tqwt_skewnessValue_dec_36,Sakar2019 (PD Classification),756,240,train-fold median
pd_speech_tqwt_skewnessValue_dec_4,Sakar2019 (PD Classification),756,240,train-fold median
pd_speech_tqwt_skewnessValue_dec_5,Sakar2019 (PD Classification),756,240,train-fold median
pd_speech_tqwt_skewnessValue_dec_6,Sakar2019 (PD Classification),756,240,train-fold median
pd_speech_tqwt_skewnessValue_dec_7,Sakar2019 (PD Classification),756,240,train-fold median
pd_speech_tqwt_skewnessValue_dec_8,Sakar2019 (PD Classification),756,240,train-fold median
pd_speech_tqwt_skewnessValue_dec_9,Sakar2019 (PD Classification),756,240,train-fold median
pd_speech_tqwt_stdValue_dec_1,Sakar2019 (PD Classification),756,240,train-fold median
pd_speech_tqwt_stdValue_dec_10,Sakar2019 (PD Classification),756,240,train-fold median
pd_speech_tqwt_stdValue_dec_11,Sakar2019 (PD Classification),756,240,train-fold median
pd_speech_tqwt_stdValue_dec_12,Sakar2019 (PD Classification),756,240,train-fold median
pd_speech_tqwt_stdValue_dec_13,Sakar2019 (PD Classification),756,240,train-fold median
pd_speech_tqwt_stdValue_dec_14,Sakar2019 (PD Classification),756,240,train-fold median
pd_speech_tqwt_stdValue_dec_15,Sakar2019 (PD Classification),756,240,train-fold median
pd_speech_tqwt_stdValue_dec_16,Sakar2019 (PD Classification),756,240,train-fold median
pd_speech_tqwt_stdValue_dec_17,Sakar2019 (PD Classification),756,240,train-fold median
pd_speech_tqwt_stdValue_dec_18,Sakar2019 (PD Classification),756,240,train-fold median
pd_speech_tqwt_stdValue_dec_19,Sakar2019 (PD Classification),756,240,train-fold median
pd_speech_tqwt_stdValue_dec_2,Sakar2019 (PD Classification),756,240,train-fold median
pd_speech_tqwt_stdValue_dec_20,Sakar2019 (PD Classification),756,240,train-fold median
pd_speech_tqwt_stdValue_dec_21,Sakar2019 (PD Classification),756,240,train-fold median
pd_speech_tqwt_stdValue_dec_22,Sakar2019 (PD Classification),756,240,train-fold median
pd_speech_tqwt_stdValue_dec_23,Sakar2019 (PD Classification),756,240,train-fold median
pd_speech_tqwt_stdValue_dec_24,Sakar2019 (PD Classification),756,240,train-fold median
pd_speech_tqwt_stdValue_dec_25,Sakar2019 (PD Classification),756,240,train-fold median
pd_speech_tqwt_stdValue_dec_26,Sakar2019 (PD Classification),756,240,train-fold median
pd_speech_tqwt_stdValue_dec_27,Sakar2019 (PD Classification),756,240,train-fold median
pd_speech_tqwt_stdValue_dec_28,Sakar2019 (PD Classification),756,240,train-fold median
pd_speech_tqwt_stdValue_dec_29,Sakar2019 (PD Classification),756,240,train-fold median
pd_speech_tqwt_stdValue_dec_3,Sakar2019 (PD Classification),756,240,train-fold median
pd_speech_tqwt_stdValue_dec_30,Sakar2019 (PD Classification),756,240,train-fold median
pd_speech_tqwt_stdValue_dec_31,Sakar2019 (PD Classification),756,240,train-fold median
pd_speech_tqwt_stdValue_dec_32,Sakar2019 (PD Classification),756,240,train-fold median
pd_speech_tqwt_stdValue_dec_33,Sakar2019 (PD Classification),756,240,train-fold median
pd_speech_tqwt_stdValue_dec_34,Sakar2019 (PD Classification),756,240,train-fold median
pd_speech_tqwt_stdValue_dec_35,Sakar2019 (PD Classification),756,240,train-fold median
pd_speech_tqwt_stdValue_dec_36,Sakar2019 (PD Classification),756,240,train-fold median
pd_speech_tqwt_stdValue_dec_4,Sakar2019 (PD Classification),756,240,train-fold median
pd_speech_tqwt_stdValue_dec_5,Sakar2019 (PD Classification),756,240,train-fold median
pd_speech_tqwt_stdValue_dec_6,Sakar2019 (PD Classification),756,240,train-fold median
pd_speech_tqwt_stdValue_dec_7,Sakar2019 (PD Classification),756,240,train-fold median
pd_speech_tqwt_stdValue_dec_8,Sakar2019 (PD Classification),756,240,train-fold median
pd_speech_tqwt_stdValue_dec_9,Sakar2019 (PD Classification),756,240,train-fold median
replicated_DFA,Naranjo2016 (Replicated),240,756,train-fold median
replicated_Delta0,Naranjo2016 (Replicated),240,756,train-fold median
replicated_Delta1,Naranjo2016 (Replicated),240,756,train-fold median
replicated_Delta10,Naranjo2016 (Replicated),240,756,train-fold median
replicated_Delta11,Naranjo2016 (Replicated),240,756,train-fold median
replicated_Delta12,Naranjo2016 (Replicated),240,756,train-fold median
replicated_Delta2,Naranjo2016 (Replicated),240,756,train-fold median
replicated_Delta3,Naranjo2016 (Replicated),240,756,train-fold median
replicated_Delta4,Naranjo2016 (Replicated),240,756,train-fold median
replicated_Delta5,Naranjo2016 (Replicated),240,756,train-fold median
replicated_Delta6,Naranjo2016 (Replicated),240,756,train-fold median
replicated_Delta7,Naranjo2016 (Replicated),240,756,train-fold median
replicated_Delta8,Naranjo2016 (Replicated),240,756,train-fold median
replicated_Delta9,Naranjo2016 (Replicated),240,756,train-fold median
replicated_GNE,Naranjo2016 (Replicated),240,756,train-fold median
replicated_Gender,Naranjo2016 (Replicated),240,756,train-fold median
replicated_HNR05,Naranjo2016 (Replicated),240,756,train-fold median
replicated_HNR15,Naranjo2016 (Replicated),240,756,train-fold median
replicated_HNR25,Naranjo2016 (Replicated),240,756,train-fold median
replicated_HNR35,Naranjo2016 (Replicated),240,756,train-fold median
replicated_HNR38,Naranjo2016 (Replicated),240,756,train-fold median
replicated_Jitter_PPQ,Naranjo2016 (Replicated),240,756,train-fold median
replicated_Jitter_RAP,Naranjo2016 (Replicated),240,756,train-fold median
replicated_Jitter_abs,Naranjo2016 (Replicated),240,756,train-fold median
replicated_Jitter_rel,Naranjo2016 (Replicated),240,756,train-fold median
replicated_MFCC0,Naranjo2016 (Replicated),240,756,train-fold median
replicated_MFCC1,Naranjo2016 (Replicated),240,756,train-fold median
replicated_MFCC10,Naranjo2016 (Replicated),240,756,train-fold median
replicated_MFCC11,Naranjo2016 (Replicated),240,756,train-fold median
replicated_MFCC12,Naranjo2016 (Replicated),240,756,train-fold median
replicated_MFCC2,Naranjo2016 (Replicated),240,756,train-fold median
replicated_MFCC3,Naranjo2016 (Replicated),240,756,train-fold median
replicated_MFCC4,Naranjo2016 (Replicated),240,756,train-fold median
replicated_MFCC5,Naranjo2016 (Replicated),240,756,train-fold median
replicated_MFCC6,Naranjo2016 (Replicated),240,756,train-fold median
replicated_MFCC7,Naranjo2016 (Replicated),240,756,train-fold median
replicated_MFCC8,Naranjo2016 (Replicated),240,756,train-fold median
replicated_MFCC9,Naranjo2016 (Replicated),240,756,train-fold median
replicated_PPE,Naranjo2016 (Replicated),240,756,train-fold median
replicated_RPDE,Naranjo2016 (Replicated),240,756,train-fold median
replicated_Shi_APQ11,Naranjo2016 (Replicated),240,756,train-fold median
replicated_Shim_APQ3,Naranjo2016 (Replicated),240,756,train-fold median
replicated_Shim_APQ5,Naranjo2016 (Replicated),240,756,train-fold median
replicated_Shim_dB,Naranjo2016 (Replicated),240,756,train-fold median
replicated_Shim_loc,Naranjo2016 (Replicated),240,756,train-fold median
